{
  "project_info": {
    "project_number": "711354632372",
    "project_id": "quizapp-teamproject",
    "storage_bucket": "quizapp-teamproject.firebasestorage.app"
  },
  "client": [
    {
      "client_info": {
        "mobilesdk_app_id": "1:711354632372:android:79879701db77d42ed66fe1",
        "android_client_info": {
          "package_name": "com.quizapp"
        }
      },
      "oauth_client": [
        {
          "client_id": "711354632372-i8lsuf8mguvv0v0kkkf2r1p5hm545096.apps.googleusercontent.com",
          "client_type": 1,
          "android_info": {
            "package_name": "com.quizapp",
            "certificate_hash": "0db702d83bf8c98bbaa569a405514447ec0b8cc7"
          }
        },
        {
          "client_id": "711354632372-ieh637gj24k7mjt3ib9ru5k2nqntvui8.apps.googleusercontent.com",
          "client_type": 3
        }
      ],
      "api_key": [
        {
          "current_key": "AIzaSyAAGG51npVhwpcX2xH2UlHi-MFxvU05V4M"
        }
      ],
      "services": {
        "appinvite_service": {
          "other_platform_oauth_client": [
            {
              "client_id": "711354632372-ieh637gj24k7mjt3ib9ru5k2nqntvui8.apps.googleusercontent.com",
              "client_type": 3
            }
          ]
        }
      }
    }
  ],
  "configuration_version": "1"
}